<?xml version='1.0'?>
<home version='7200' exportFlags='17' name='Accurate measurements-doublefloor.sh3d' camera='observerCamera' selectedLevel='level-f6946293-1721-4fe1-9182-550f54a42051' wallHeight='365.76'>
  <environment groundColor='00A8A8A8' skyColor='00CCE4FC' lightColor='00D0D0D0' allLevelsVisible='true'/>
  <observerCamera attribute='observerCamera' lens='PINHOLE' x='380.06006' y='855.0477' z='274.32007' yaw='22.149412' pitch='0.50342304' fieldOfView='2.0943952' time='1696593600000' fixedSize='true'/>
  <camera attribute='topCamera' lens='PINHOLE' x='1996.2742' y='1236.617' z='450.1581' yaw='1.7216241' pitch='0.13000001' fieldOfView='1.0995575' time='1696593600000'/>
  <level id='level-d7527a2a-3e7e-4123-a9e9-8ea4b9c41297' name='basement' elevation='0.0' floorThickness='15.227299' height='365.76' elevationIndex='0'/>
  <level id='level-f6946293-1721-4fe1-9182-550f54a42051' name='Level 0' elevation='91.44' floorThickness='15.227299' height='365.76' elevationIndex='0'/>
  <level id='level-c776a4df-bf84-4097-b40b-c09b4be99afc' name='Level 1' elevation='487.68' floorThickness='15.227299' height='365.76' elevationIndex='0'/>
  <pieceOfFurniture level='level-f6946293-1721-4fe1-9182-550f54a42051' catalogId='eTeks#generatedStaircase' name='U shaped staircase with landing' creator='kitty' model='1/staircase.obj' x='136.31847' y='864.95355' angle='3.1439476' width='255.465' depth='302.16998' height='430.189' modelSize='137911' movable='false' staircaseCutOutShape='M 0,0 v0.99674445 h0.483119 V1 L1,1 V0 z'>
    <texture name='Brown terrace tiles' creator='Scopia' catalogId='eTeksScopia#brown-terrazzo-floor-tiles' width='120.0' height='120.0' image='2'/>
  </pieceOfFurniture>
  <doorOrWindow level='level-f6946293-1721-4fe1-9182-550f54a42051' catalogId='Siath#sixDoorFrenchStyle' name='Six door French style' creator='Siath' model='4' x='7.2364864' y='565.4839' angle='4.712389' width='243.84' depth='41.514267' height='210.0' modelSize='55487' movable='false' cutOutShape='M0,0 v1 h1 v-1 z' wallCutOutOnBothSides='true'/>
  <doorOrWindow level='level-f6946293-1721-4fe1-9182-550f54a42051' catalogId='Siath#sixDoorFrenchStyle' name='Six door French style' creator='Siath' model='4' x='963.13727' y='660.66315' angle='1.5707964' width='243.84' depth='41.514267' height='210.0' modelSize='55487' movable='false' cutOutShape='M0,0 v1 h1 v-1 z' wallCutOutOnBothSides='true'/>
  <doorOrWindow level='level-f6946293-1721-4fe1-9182-550f54a42051' catalogId='Artist373#frontDoorDark' name='Front door' creator='Pencilart' model='6' x='428.4454' y='1700.3403' angle='3.1412916' width='152.4' depth='40.0' height='205.0' modelMirrored='true' modelSize='250134' movable='false' cutOutShape='M0,0 v1 h1 v-1 z' wallCutOutOnBothSides='true'/>
  <pieceOfFurniture level='level-f6946293-1721-4fe1-9182-550f54a42051' catalogId='Scopia#wardrobe1' name='Wardrobe' creator='Scopia' model='8/wardrobe1.obj' x='873.9854' y='1140.947' angle='3.1415927' width='274.32' depth='53.0' height='200.0' modelSize='180682'/>
  <pieceOfFurniture level='level-f6946293-1721-4fe1-9182-550f54a42051' catalogId='Blend Swap CC-0#bedWithTexture' name='Bed' creator='Nhumrod' model='10/bedWithTexture.obj' x='837.81445' y='1369.5126' angle='3.147737' width='198.0' depth='226.36' height='76.5' modelSize='1779850'/>
  <pieceOfFurniture level='level-f6946293-1721-4fe1-9182-550f54a42051' catalogId='eTeks#bedsideTable' name='Bedside table' creator='eTeks' model='12' x='711.5464' y='1446.0151' width='38.0' depth='38.0' height='50.0' modelSize='2243'/>
  <pieceOfFurniture level='level-f6946293-1721-4fe1-9182-550f54a42051' catalogId='eTeks#bedsideTable' name='Bedside table' creator='eTeks' model='12' x='970.48926' y='1443.9602' width='38.0' depth='38.0' height='50.0' modelSize='2243'/>
  <pieceOfFurniture level='level-f6946293-1721-4fe1-9182-550f54a42051' catalogId='OlaKristianHoff#armchair_wing' name='Armchair' creator='Ola-Kristian Hoff' model='14/armchair_wing.obj' x='615.8506' y='1224.3757' angle='5.619579' width='85.0' depth='90.0' height='112.0' modelSize='43073'/>
  <pieceOfFurniture level='level-f6946293-1721-4fe1-9182-550f54a42051' catalogId='Geantick#table' name='Table' creator='Geantick' model='16' x='587.9497' y='1449.9343' angle='3.1406858' width='121.92' depth='60.96' height='91.44' modelSize='32023'/>
  <pieceOfFurniture level='level-f6946293-1721-4fe1-9182-550f54a42051' catalogId='Blend Swap CC-0#led_tv' name='TV' creator='Nhumrod' model='18/led_tv.obj' x='824.80347' y='1178.255' elevation='152.4' width='121.92' depth='22.33889' height='79.91659' modelSize='679106'/>
  <pieceOfFurniture level='level-f6946293-1721-4fe1-9182-550f54a42051' catalogId='Scopia#office_chair' name='Chair' creator='Scopia' model='20/office_chair.obj' x='586.60474' y='1371.5233' width='63.5' depth='63.7' height='100.0' modelSize='259444'/>
  <pieceOfFurniture level='level-f6946293-1721-4fe1-9182-550f54a42051' catalogId='OlaKristianHoff#table_granmother_marble' name='Marble table' creator='Ola-Kristian Hoff' model='22/table_granmother_marble.obj' x='295.15186' y='558.3482' width='243.84' depth='91.44' height='70.0' modelSize='20333'/>
  <pieceOfFurniture level='level-d7527a2a-3e7e-4123-a9e9-8ea4b9c41297' catalogId='Scopia#yamaha-yzr-r6' name='Yamaha YZR R6' creator='Scopia' model='24/yamaha-yzr-r6.obj' x='38.811718' y='2092.6504' angle='5.461594' width='79.6' depth='203.1' height='114.8' modelSize='209096'/>
  <pieceOfFurniture level='level-d7527a2a-3e7e-4123-a9e9-8ea4b9c41297' catalogId='Scopia#yamaha-yzr-r6' name='Yamaha YZR R6' creator='Scopia' model='24/yamaha-yzr-r6.obj' x='265.58563' y='2083.2014' angle='5.461594' width='79.6' depth='203.1' height='114.8' modelSize='209096'/>
  <pieceOfFurniture level='level-d7527a2a-3e7e-4123-a9e9-8ea4b9c41297' catalogId='Blend Swap CC-BY#fordFocus' name='Ford Focus' creator='Ruff' model='26/fordFocus.obj' x='-626.22327' y='1483.5217' angle='2.7140646' width='204.47' depth='435.9275' height='155.25749' modelSize='2217744'/>
  <pieceOfFurniture level='level-d7527a2a-3e7e-4123-a9e9-8ea4b9c41297' catalogId='Pencilart#bench' name='Bench' creator='Pencilart' model='28/bench.obj' x='-905.11597' y='865.833' angle='4.4389796' width='142.0' depth='55.0' height='68.0' modelRotation='-1 0 0 0 1 0 0 0 -1' modelSize='38736'/>
  <pieceOfFurniture level='level-d7527a2a-3e7e-4123-a9e9-8ea4b9c41297' catalogId='Kator Legaz#concrete-sidewalk' name='Concrete sidewalk' creator='Kator Legaz' model='30/concrete-sidewalk.obj' x='179.02246' y='2099.6733' width='549.0' depth='96.2' height='38.77749' modelSize='16372'>
    <texture name='Paving stone' creator='Ola-Kristian Hoff' catalogId='OlaKristianHoff#paving_stone_2' width='250.0' height='250.0' image='31'/>
  </pieceOfFurniture>
  <pieceOfFurniture level='level-d7527a2a-3e7e-4123-a9e9-8ea4b9c41297' catalogId='JulieFabre#etendoirLinge' name='Cloth lines' creator='Julie Fabre' model='33/etendoirLinge.obj' x='153.04211' y='-91.87114' width='494.23993' widthInPlan='494.23996' depth='84.2333' height='204.4' heightInPlan='204.40001' modelSize='67970'/>
  <pieceOfFurniture level='level-f6946293-1721-4fe1-9182-550f54a42051' catalogId='Blend Swap CC-0#fence' name='Fence' creator='Dobbs' model='35/fence.obj' x='171.76114' y='1882.1687' width='359.7201' widthInPlan='359.72006' depth='1.991333' height='104.9' heightInPlan='104.90001' modelSize='532208' movable='false'/>
  <pieceOfFurniture level='level-f6946293-1721-4fe1-9182-550f54a42051' catalogId='Blend Swap CC-0#fence' name='Fence' creator='Dobbs' model='35/fence.obj' x='564.71533' y='1885.9502' width='112.632416' widthInPlan='112.63243' depth='0.3175' height='104.9' heightInPlan='104.90001' modelSize='532208' movable='false'/>
  <doorOrWindow level='level-f6946293-1721-4fe1-9182-550f54a42051' catalogId='Artist373#frontDoorDark' name='Front door' creator='Pencilart' model='6' x='629.34607' y='1791.6589' angle='4.7147245' width='91.44' depth='30.48' height='205.0' modelMirrored='true' modelSize='250134' movable='false' cutOutShape='M0,0 v1 h1 v-1 z' wallCutOutOnBothSides='true'/>
  <pieceOfFurniture level='level-c776a4df-bf84-4097-b40b-c09b4be99afc' catalogId='Geantick#rampe' name='Handrail' creator='Geantick' model='37' x='390.72522' y='1015.0698' elevation='10.0' width='237.07935' depth='11.700012' height='85.2' modelRotation='1 0 0 0 0 1 0 -1 0' modelSize='812714' movable='false'/>
  <pieceOfFurniture level='level-c776a4df-bf84-4097-b40b-c09b4be99afc' catalogId='Geantick#rampe' name='Handrail' creator='Geantick' model='37' x='923.5465' y='660.8771' elevation='10.0' width='127.190186' widthInPlan='127.19018' depth='4.2842407' depthInPlan='4.28424' height='85.2' modelRotation='1 0 0 0 0 1 0 -1 0' modelSize='812714' movable='false'/>
  <doorOrWindow level='level-c776a4df-bf84-4097-b40b-c09b4be99afc' catalogId='Siath#sixDoorFrenchStyle' name='Six door French style' creator='Siath' model='4' x='7.2364864' y='565.4839' angle='4.712389' width='243.84' depth='41.514267' height='210.0' modelSize='55487' movable='false' cutOutShape='M0,0 v1 h1 v-1 z' wallCutOutOnBothSides='true'/>
  <pieceOfFurniture level='level-f6946293-1721-4fe1-9182-550f54a42051' catalogId='Reallusion#holdingMale01' name='Holding male' creator='Reallusion' model='39/holdingMale01.obj' x='299.08926' y='1087.1151' width='62.7' depth='59.3' height='213.35999' modelSize='550180'/>
  <pieceOfFurniture level='level-f6946293-1721-4fe1-9182-550f54a42051' catalogId='Reallusion#holdingMale01' name='Holding male' creator='Reallusion' model='39/holdingMale01.obj' x='155.02774' y='963.4258' elevation='167.63998' width='62.7' depth='59.3' height='152.4' modelSize='550180'/>
  <pieceOfFurniture level='level-c776a4df-bf84-4097-b40b-c09b4be99afc' catalogId='Geantick#rampe' name='Handrail' creator='Geantick' model='37' x='270.67374' y='865.18774' elevation='10.0' angle='1.5725021' width='299.6515' depth='5.7601614' height='85.2' modelRotation='1 0 0 0 0 1 0 -1 0' modelSize='812714' movable='false'/>
  <doorOrWindow level='level-c776a4df-bf84-4097-b40b-c09b4be99afc' catalogId='DorinVatavu#door_glass' name='Glass door' creator='Dorin Vatavu' model='41/door_glass.obj' x='369.55603' y='370.57532' angle='3.1415927' width='96.0' depth='17.0' height='209.7' modelSize='260214' movable='false' cutOutShape='M0.04,0.02 v0.98 h0.92 v-0.98 z' wallCutOutOnBothSides='true'/>
  <doorOrWindow level='level-f6946293-1721-4fe1-9182-550f54a42051' catalogId='Artist373#frontDoorDark' name='Front door' creator='Pencilart' model='6' x='-4.024292' y='967.66174' elevation='152.4' angle='4.7147245' width='91.44' depth='30.48' height='182.88' modelMirrored='true' modelSize='250134' movable='false' cutOutShape='M0,0 v1 h1 v-1 z' wallCutOutOnBothSides='true'/>
  <pieceOfFurniture level='level-f6946293-1721-4fe1-9182-550f54a42051' catalogId='Kator Legaz#concrete-sidewalk' name='Concrete sidewalk' creator='Kator Legaz' model='30/concrete-sidewalk.obj' x='-66.901215' y='865.6911' elevation='133.87549' angle='1.5707964' width='304.8' depth='96.2' height='21.336' modelSize='16372'>
    <texture name='Brown terrace tiles' creator='Scopia' catalogId='eTeksScopia#brown-terrazzo-floor-tiles' width='120.0' height='120.0' image='2'/>
  </pieceOfFurniture>
  <pieceOfFurniture level='level-f6946293-1721-4fe1-9182-550f54a42051' catalogId='OlaKristianHoff#railing_glass' name='Railing glass' creator='Ola-Kristian Hoff' model='43/railing_glass.obj' x='-110.22827' y='864.97266' elevation='142.60645' angle='1.5637789' width='304.8' depth='5.0' height='130.0' modelSize='5016' movable='false'/>
  <pieceOfFurniture level='level-c776a4df-bf84-4097-b40b-c09b4be99afc' catalogId='Kator Legaz#concrete-sidewalk' name='Concrete sidewalk' creator='Kator Legaz' model='30/concrete-sidewalk.obj' x='-108.850555' y='536.1255' angle='1.5707964' width='365.76' depth='213.35999' height='21.336' modelSize='16372'>
    <texture name='Brown terrace tiles' creator='Scopia' catalogId='eTeksScopia#brown-terrazzo-floor-tiles' width='120.0' height='120.0' image='2'/>
  </pieceOfFurniture>
  <pieceOfFurniture level='level-c776a4df-bf84-4097-b40b-c09b4be99afc' catalogId='OlaKristianHoff#railing_glass' name='Railing glass' creator='Ola-Kristian Hoff' model='43/railing_glass.obj' x='-227.37964' y='530.6997' elevation='16.006836' angle='1.5637789' width='335.27997' depth='5.0' height='130.0' modelSize='5016' movable='false'/>
  <doorOrWindow level='level-f6946293-1721-4fe1-9182-550f54a42051' catalogId='OlaKristianHoff#window_double_3x3' name='Double small window 3x3 panes' creator='Ola-Kristian Hoff' model='45/window_double_3x3.obj' x='-3.8147297' y='816.6315' elevation='152.4' angle='1.5844699' width='182.88' depth='16.0' height='609.6' modelSize='30434' movable='false' cutOutShape='M0,0 v1 h1 v-1 z' wallCutOutOnBothSides='true'/>
  <doorOrWindow level='level-f6946293-1721-4fe1-9182-550f54a42051' catalogId='Scopia#window_2x1_medium_with_large_pane' name='Double window with large pane' creator='Scopia' model='47/window_2x1_medium_with_large_pane.obj' x='-110.845116' y='378.09924' elevation='85.09' angle='1.7484555E-7' width='109.854996' depth='29.205566' height='129.8575' modelSize='49772' movable='false' cutOutShape='M0,0 v1 h1 v-1 z' wallCutOutOnBothSides='true'/>
  <pieceOfFurniture level='level-c776a4df-bf84-4097-b40b-c09b4be99afc' catalogId='Pencilart#wroughtIronRails' name='Wrought iron rails' creator='Pencilart' model='49' x='-226.52286' y='283.94995' angle='1.5783291' width='186.8' depth='10.6' height='110.0' modelSize='377758' movable='false'/>
  <pieceOfFurniture level='level-c776a4df-bf84-4097-b40b-c09b4be99afc' catalogId='Pencilart#wroughtIronRails' name='Wrought iron rails' creator='Pencilart' model='49' x='-225.42032' y='96.079956' angle='1.5783291' width='186.8' depth='10.6' height='110.0' modelSize='377758' movable='false'/>
  <pieceOfFurniture level='level-c776a4df-bf84-4097-b40b-c09b4be99afc' catalogId='Pencilart#wroughtIronRails' name='Wrought iron rails' creator='Pencilart' model='49' x='-134.73624' y='-13.007019' angle='3.1425471' width='186.8' depth='10.6' height='110.0' modelSize='377758' movable='false'/>
  <pieceOfFurniture level='level-c776a4df-bf84-4097-b40b-c09b4be99afc' catalogId='Pencilart#wroughtIronRails' name='Wrought iron rails' creator='Pencilart' model='49' x='59.635834' y='-15.706726' angle='3.13934' width='186.8' depth='10.6' height='110.0' modelSize='377758' movable='false'/>
  <pieceOfFurniture level='level-f6946293-1721-4fe1-9182-550f54a42051' catalogId='Puybaret#toitureArdoiseRouge' name='Red slate roof' creator='Emmanuel Puybaret' model='51' x='-124.345795' y='1351.7053' elevation='324.70032' angle='4.712389' width='670.55994' depth='152.4' height='60.96' shininess='0.0' modelSize='348565'/>
  <doorOrWindow level='level-c776a4df-bf84-4097-b40b-c09b4be99afc' catalogId='DorinVatavu#door_glass' name='Glass door' creator='Dorin Vatavu' model='41/door_glass.obj' x='590.0354' y='803.75146' width='96.0' depth='17.0' height='209.7' modelSize='260214' movable='false' cutOutShape='M0.04,0.02 v0.98 h0.92 v-0.98 z' wallCutOutOnBothSides='true'/>
  <pieceOfFurniture level='level-c776a4df-bf84-4097-b40b-c09b4be99afc' catalogId='Blend Swap CC-0#bedWithTexture' name='Bed' creator='Nhumrod' model='10/bedWithTexture.obj' x='895.9895' y='1318.5621' angle='1.5707964' width='198.0' depth='226.36' height='76.5' modelSize='1779850'/>
  <pieceOfFurniture level='level-c776a4df-bf84-4097-b40b-c09b4be99afc' catalogId='Blend Swap CC-0#bedWithTexture' name='Bed' creator='Nhumrod' model='10/bedWithTexture.obj' x='835.71533' y='131.55823' angle='3.1356838' width='198.0' depth='226.36' height='76.5' modelSize='1779850'/>
  <doorOrWindow level='level-c776a4df-bf84-4097-b40b-c09b4be99afc' catalogId='DorinVatavu#door_glass' name='Glass door' creator='Dorin Vatavu' model='41/door_glass.obj' x='728.8181' y='1495.0544' width='96.0' depth='17.0' height='209.7' modelSize='260214' movable='false' cutOutShape='M0.04,0.02 v0.98 h0.92 v-0.98 z' wallCutOutOnBothSides='true'/>
  <pieceOfFurniture level='level-c776a4df-bf84-4097-b40b-c09b4be99afc' catalogId='Pencilart#wroughtIronRails' name='Wrought iron rails' creator='Pencilart' model='49' x='632.50525' y='1826.0614' angle='1.5783291' width='121.92' depth='10.6' height='110.0' modelSize='377758' movable='false'/>
  <pieceOfFurniture level='level-c776a4df-bf84-4097-b40b-c09b4be99afc' catalogId='Pencilart#wroughtIronRails' name='Wrought iron rails' creator='Pencilart' model='49' x='1025.6019' y='1602.6652' angle='1.5783291' width='186.8' depth='10.6' height='110.0' modelSize='377758' movable='false'/>
  <pieceOfFurniture level='level-c776a4df-bf84-4097-b40b-c09b4be99afc' catalogId='Pencilart#wroughtIronRails' name='Wrought iron rails' creator='Pencilart' model='49' x='1025.399' y='1786.0355' angle='1.5783291' width='186.8' depth='10.6' height='110.0' modelSize='377758' movable='false'/>
  <pieceOfFurniture level='level-c776a4df-bf84-4097-b40b-c09b4be99afc' catalogId='Pencilart#wroughtIronRails' name='Wrought iron rails' creator='Pencilart' model='49' x='832.82654' y='1998.4049' angle='0.016026735' width='186.8' depth='10.6' height='110.0' modelSize='377758' movable='false'/>
  <pieceOfFurniture level='level-c776a4df-bf84-4097-b40b-c09b4be99afc' catalogId='Pencilart#wroughtIronRails' name='Wrought iron rails' creator='Pencilart' model='49' x='687.048' y='1940.8131' angle='0.8723726' width='152.4' depth='10.6' height='110.0' modelSize='377758' movable='false'/>
  <pieceOfFurniture level='level-c776a4df-bf84-4097-b40b-c09b4be99afc' catalogId='Pencilart#wroughtIronRails' name='Wrought iron rails' creator='Pencilart' model='49' x='976.95496' y='1935.3397' angle='2.305695' width='152.4' depth='10.6' height='110.0' modelSize='377758' movable='false'/>
  <pieceOfFurniture level='level-f6946293-1721-4fe1-9182-550f54a42051' catalogId='Puybaret#toitureArdoiseRouge' name='Red slate roof' creator='Emmanuel Puybaret' model='51' x='319.63956' y='1815.2974' elevation='324.70032' angle='3.1514988' width='609.6' depth='121.92' height='60.96' shininess='0.0' modelSize='348565'/>
  <doorOrWindow level='level-c776a4df-bf84-4097-b40b-c09b4be99afc' catalogId='OlaKristianHoff#window_stain_glass' name='Window stain glass' creator='Ola-Kristian Hoff' model='53/window_stain_glass.obj' x='-2.7608643' y='1219.2881' elevation='30.48' angle='1.5724784' width='60.96' depth='16.0' height='243.84' modelSize='12109' movable='false' cutOutShape='M0,0 v1 h1 v-1 z' wallCutOutOnBothSides='true'/>
  <doorOrWindow level='level-c776a4df-bf84-4097-b40b-c09b4be99afc' catalogId='OlaKristianHoff#window_stain_glass' name='Window stain glass' creator='Ola-Kristian Hoff' model='53/window_stain_glass.obj' x='-1.6583252' y='1520.0476' elevation='30.48' angle='1.5724784' width='60.96' depth='16.0' height='243.84' modelSize='12109' movable='false' cutOutShape='M0,0 v1 h1 v-1 z' wallCutOutOnBothSides='true'/>
  <doorOrWindow level='level-c776a4df-bf84-4097-b40b-c09b4be99afc' catalogId='OlaKristianHoff#window_stain_glass' name='Window stain glass' creator='Ola-Kristian Hoff' model='53/window_stain_glass.obj' x='387.08606' y='1706.3206' elevation='30.48' angle='0.045645833' width='60.96' depth='16.0' height='243.84' modelSize='12109' movable='false' cutOutShape='M0,0 v1 h1 v-1 z' wallCutOutOnBothSides='true'/>
  <doorOrWindow level='level-c776a4df-bf84-4097-b40b-c09b4be99afc' catalogId='OlaKristianHoff#window_stain_glass' name='Window stain glass' creator='Ola-Kristian Hoff' model='53/window_stain_glass.obj' x='161.42151' y='1704.7235' elevation='30.48' angle='0.045645833' width='60.96' depth='16.0' height='243.84' modelSize='12109' movable='false' cutOutShape='M0,0 v1 h1 v-1 z' wallCutOutOnBothSides='true'/>
  <pieceOfFurniture level='level-c776a4df-bf84-4097-b40b-c09b4be99afc' catalogId='Scopia#hydrangea' name='Hydrangea' creator='Scopia' model='55/hydrangea.obj' x='-81.5567' y='1758.3555' elevation='30.48' width='79.8' depth='78.2' height='64.9' modelSize='880423'/>
  <pieceOfFurniture level='level-c776a4df-bf84-4097-b40b-c09b4be99afc' catalogId='Scopia#pansy' name='Pansy' creator='Scopia' model='57/pansy.obj' x='579.55566' y='1767.768' elevation='30.48' width='30.8' depth='30.3' height='21.5' modelSize='926521'/>
  <pieceOfFurniture level='level-c776a4df-bf84-4097-b40b-c09b4be99afc' catalogId='Scopia#pansy' name='Pansy' creator='Scopia' model='57/pansy.obj' x='540.6306' y='1767.9728' elevation='30.48' width='30.8' depth='30.3' height='21.5' modelSize='926521'/>
  <pieceOfFurniture level='level-c776a4df-bf84-4097-b40b-c09b4be99afc' catalogId='Scopia#pansy' name='Pansy' creator='Scopia' model='57/pansy.obj' x='456.59106' y='1767.2571' elevation='30.48' width='30.8' depth='30.3' height='21.5' modelSize='926521'/>
  <pieceOfFurniture level='level-c776a4df-bf84-4097-b40b-c09b4be99afc' catalogId='Scopia#pansy' name='Pansy' creator='Scopia' model='57/pansy.obj' x='495.5161' y='1767.5126' elevation='30.48' width='30.8' depth='30.3' height='21.5' modelSize='926521'/>
  <pieceOfFurniture level='level-c776a4df-bf84-4097-b40b-c09b4be99afc' catalogId='Scopia#pansy' name='Pansy' creator='Scopia' model='57/pansy.obj' x='292.45044' y='1767.4618' elevation='30.48' width='30.8' depth='30.3' height='21.5' modelSize='926521'/>
  <pieceOfFurniture level='level-c776a4df-bf84-4097-b40b-c09b4be99afc' catalogId='Scopia#pansy' name='Pansy' creator='Scopia' model='57/pansy.obj' x='331.3755' y='1767.257' elevation='30.48' width='30.8' depth='30.3' height='21.5' modelSize='926521'/>
  <pieceOfFurniture level='level-c776a4df-bf84-4097-b40b-c09b4be99afc' catalogId='Scopia#pansy' name='Pansy' creator='Scopia' model='57/pansy.obj' x='376.49' y='1767.7172' elevation='30.48' width='30.8' depth='30.3' height='21.5' modelSize='926521'/>
  <pieceOfFurniture level='level-c776a4df-bf84-4097-b40b-c09b4be99afc' catalogId='Scopia#pansy' name='Pansy' creator='Scopia' model='57/pansy.obj' x='415.41504' y='1767.5123' elevation='30.48' width='30.8' depth='30.3' height='21.5' modelSize='926521'/>
  <pieceOfFurniture level='level-c776a4df-bf84-4097-b40b-c09b4be99afc' catalogId='Scopia#pansy' name='Pansy' creator='Scopia' model='57/pansy.obj' x='251.52979' y='1766.5919' elevation='30.48' width='30.8' depth='30.3' height='21.5' modelSize='926521'/>
  <pieceOfFurniture level='level-c776a4df-bf84-4097-b40b-c09b4be99afc' catalogId='Scopia#pansy' name='Pansy' creator='Scopia' model='57/pansy.obj' x='212.60474' y='1766.7968' elevation='30.48' width='30.8' depth='30.3' height='21.5' modelSize='926521'/>
  <pieceOfFurniture level='level-c776a4df-bf84-4097-b40b-c09b4be99afc' catalogId='Scopia#pansy' name='Pansy' creator='Scopia' model='57/pansy.obj' x='128.56519' y='1766.081' elevation='30.48' width='30.8' depth='30.3' height='21.5' modelSize='926521'/>
  <pieceOfFurniture level='level-c776a4df-bf84-4097-b40b-c09b4be99afc' catalogId='Scopia#pansy' name='Pansy' creator='Scopia' model='57/pansy.obj' x='167.49023' y='1766.3365' elevation='30.48' width='30.8' depth='30.3' height='21.5' modelSize='926521'/>
  <pieceOfFurniture level='level-c776a4df-bf84-4097-b40b-c09b4be99afc' catalogId='Scopia#pansy' name='Pansy' creator='Scopia' model='57/pansy.obj' x='-35.57544' y='1766.2858' elevation='30.48' width='30.8' depth='30.3' height='21.5' modelSize='926521'/>
  <pieceOfFurniture level='level-c776a4df-bf84-4097-b40b-c09b4be99afc' catalogId='Scopia#pansy' name='Pansy' creator='Scopia' model='57/pansy.obj' x='3.3496094' y='1766.0809' elevation='30.48' width='30.8' depth='30.3' height='21.5' modelSize='926521'/>
  <pieceOfFurniture level='level-c776a4df-bf84-4097-b40b-c09b4be99afc' catalogId='Scopia#pansy' name='Pansy' creator='Scopia' model='57/pansy.obj' x='48.46411' y='1766.5411' elevation='30.48' width='30.8' depth='30.3' height='21.5' modelSize='926521'/>
  <pieceOfFurniture level='level-c776a4df-bf84-4097-b40b-c09b4be99afc' catalogId='Scopia#pansy' name='Pansy' creator='Scopia' model='57/pansy.obj' x='87.38916' y='1766.3363' elevation='30.48' width='30.8' depth='30.3' height='21.5' modelSize='926521'/>
  <pieceOfFurniture level='level-c776a4df-bf84-4097-b40b-c09b4be99afc' catalogId='Scopia#pansy' name='Pansy' creator='Scopia' model='57/pansy.obj' x='-75.16572' y='1695.8519' elevation='30.48' width='30.8' depth='30.3' height='21.5' modelSize='926521'/>
  <pieceOfFurniture level='level-c776a4df-bf84-4097-b40b-c09b4be99afc' catalogId='Scopia#pansy' name='Pansy' creator='Scopia' model='57/pansy.obj' x='-74.705315' y='1657.1824' elevation='30.48' width='30.8' depth='30.3' height='21.5' modelSize='926521'/>
  <pieceOfFurniture level='level-c776a4df-bf84-4097-b40b-c09b4be99afc' catalogId='Scopia#pansy' name='Pansy' creator='Scopia' model='57/pansy.obj' x='-74.24499' y='1616.6715' elevation='30.48' width='30.8' depth='30.3' height='21.5' modelSize='926521'/>
  <pieceOfFurniture level='level-c776a4df-bf84-4097-b40b-c09b4be99afc' catalogId='Scopia#pansy' name='Pansy' creator='Scopia' model='57/pansy.obj' x='-74.24503' y='1576.1605' elevation='30.48' width='30.8' depth='30.3' height='21.5' modelSize='926521'/>
  <pieceOfFurniture level='level-c776a4df-bf84-4097-b40b-c09b4be99afc' catalogId='Scopia#pansy' name='Pansy' creator='Scopia' model='57/pansy.obj' x='-72.40367' y='1413.6566' elevation='30.48' width='30.8' depth='30.3' height='21.5' modelSize='926521'/>
  <pieceOfFurniture level='level-c776a4df-bf84-4097-b40b-c09b4be99afc' catalogId='Scopia#pansy' name='Pansy' creator='Scopia' model='57/pansy.obj' x='-72.403625' y='1453.247' elevation='30.48' width='30.8' depth='30.3' height='21.5' modelSize='926521'/>
  <pieceOfFurniture level='level-c776a4df-bf84-4097-b40b-c09b4be99afc' catalogId='Scopia#pansy' name='Pansy' creator='Scopia' model='57/pansy.obj' x='-72.86395' y='1495.1388' elevation='30.48' width='30.8' depth='30.3' height='21.5' modelSize='926521'/>
  <pieceOfFurniture level='level-c776a4df-bf84-4097-b40b-c09b4be99afc' catalogId='Scopia#pansy' name='Pansy' creator='Scopia' model='57/pansy.obj' x='-73.324356' y='1535.6497' elevation='30.48' width='30.8' depth='30.3' height='21.5' modelSize='926521'/>
  <pieceOfFurniture level='level-c776a4df-bf84-4097-b40b-c09b4be99afc' catalogId='Scopia#pansy' name='Pansy' creator='Scopia' model='57/pansy.obj' x='-72.403725' y='1254.3746' elevation='30.48' width='30.8' depth='30.3' height='21.5' modelSize='926521'/>
  <pieceOfFurniture level='level-c776a4df-bf84-4097-b40b-c09b4be99afc' catalogId='Scopia#pansy' name='Pansy' creator='Scopia' model='57/pansy.obj' x='-72.40368' y='1294.8856' elevation='30.48' width='30.8' depth='30.3' height='21.5' modelSize='926521'/>
  <pieceOfFurniture level='level-c776a4df-bf84-4097-b40b-c09b4be99afc' catalogId='Scopia#pansy' name='Pansy' creator='Scopia' model='57/pansy.obj' x='-70.562256' y='1334.4758' elevation='30.48' width='30.8' depth='30.3' height='21.5' modelSize='926521'/>
  <pieceOfFurniture level='level-c776a4df-bf84-4097-b40b-c09b4be99afc' catalogId='Scopia#pansy' name='Pansy' creator='Scopia' model='57/pansy.obj' x='-71.94336' y='1372.685' elevation='30.48' width='30.8' depth='30.3' height='21.5' modelSize='926521'/>
  <pieceOfFurniture level='level-c776a4df-bf84-4097-b40b-c09b4be99afc' catalogId='Scopia#pansy' name='Pansy' creator='Scopia' model='57/pansy.obj' x='-72.403725' y='1049.9784' elevation='30.48' width='30.8' depth='30.3' height='21.5' modelSize='926521'/>
  <pieceOfFurniture level='level-c776a4df-bf84-4097-b40b-c09b4be99afc' catalogId='Scopia#pansy' name='Pansy' creator='Scopia' model='57/pansy.obj' x='-72.40368' y='1090.4894' elevation='30.48' width='30.8' depth='30.3' height='21.5' modelSize='926521'/>
  <pieceOfFurniture level='level-c776a4df-bf84-4097-b40b-c09b4be99afc' catalogId='Scopia#pansy' name='Pansy' creator='Scopia' model='57/pansy.obj' x='-70.562256' y='1130.0796' elevation='30.48' width='30.8' depth='30.3' height='21.5' modelSize='926521'/>
  <pieceOfFurniture level='level-c776a4df-bf84-4097-b40b-c09b4be99afc' catalogId='Scopia#pansy' name='Pansy' creator='Scopia' model='57/pansy.obj' x='-71.94336' y='1168.2888' elevation='30.48' width='30.8' depth='30.3' height='21.5' modelSize='926521'/>
  <pieceOfFurniture level='level-c776a4df-bf84-4097-b40b-c09b4be99afc' catalogId='Scopia#pansy' name='Pansy' creator='Scopia' model='57/pansy.obj' x='-72.40367' y='1209.2604' elevation='30.48' width='30.8' depth='30.3' height='21.5' modelSize='926521'/>
  <pieceOfFurniture level='level-c776a4df-bf84-4097-b40b-c09b4be99afc' catalogId='Scopia#pansy' name='Pansy' creator='Scopia' model='57/pansy.obj' x='-73.32433' y='931.20764' elevation='30.48' width='30.8' depth='30.3' height='21.5' modelSize='926521'/>
  <pieceOfFurniture level='level-c776a4df-bf84-4097-b40b-c09b4be99afc' catalogId='Scopia#pansy' name='Pansy' creator='Scopia' model='57/pansy.obj' x='-71.48291' y='970.79785' elevation='30.48' width='30.8' depth='30.3' height='21.5' modelSize='926521'/>
  <pieceOfFurniture level='level-c776a4df-bf84-4097-b40b-c09b4be99afc' catalogId='Scopia#pansy' name='Pansy' creator='Scopia' model='57/pansy.obj' x='-72.86401' y='1009.0071' elevation='30.48' width='30.8' depth='30.3' height='21.5' modelSize='926521'/>
  <pieceOfFurniture level='level-c776a4df-bf84-4097-b40b-c09b4be99afc' catalogId='OlaKristianHoff#railing_glass' name='Railing glass' creator='Ola-Kristian Hoff' model='43/railing_glass.obj' x='-148.8783' y='716.62415' elevation='16.006836' angle='0.013078928' width='182.88' depth='5.0' height='130.0' modelSize='5016' movable='false'/>
  <doorOrWindow level='level-f6946293-1721-4fe1-9182-550f54a42051' catalogId='Scopia#puerta' name='Door' creator='Scopia' model='59/puerta.obj' x='232.11719' y='377.6354' angle='3.1428926' width='87.0' depth='13.7' height='210.0' modelSize='183333' movable='false' cutOutShape='M0,0 v1 h1 v-1 z' wallCutOutOnBothSides='true'/>
  <doorOrWindow level='level-f6946293-1721-4fe1-9182-550f54a42051' catalogId='Scopia#puerta' name='Door' creator='Scopia' model='59/puerta.obj' x='571.4486' y='377.3096' angle='3.1415927' width='87.0' depth='13.7' height='210.0' modelSize='183333' movable='false' cutOutShape='M0,0 v1 h1 v-1 z' wallCutOutOnBothSides='true'/>
  <doorOrWindow level='level-f6946293-1721-4fe1-9182-550f54a42051' catalogId='Scopia#puerta' name='Door' creator='Scopia' model='59/puerta.obj' x='598.09814' y='798.92224' width='87.0' depth='13.7' height='210.0' modelSize='183333' movable='false' cutOutShape='M0,0 v1 h1 v-1 z' wallCutOutOnBothSides='true'/>
  <pieceOfFurniture level='level-f6946293-1721-4fe1-9182-550f54a42051' catalogId='eTeks#evidenceMarker' name='Bore' creator='kitty' model='61' x='1040.7463' y='488.1376' width='30.48' depth='30.48' height='6.982339'/>
  <doorOrWindow level='level-f6946293-1721-4fe1-9182-550f54a42051' catalogId='Scopia#puerta' name='Door' creator='Scopia' model='59/puerta.obj' x='298.5531' y='111.634705' angle='4.7122593' width='87.0' depth='13.7' height='210.0' modelMirrored='true' modelSize='183333' movable='false' cutOutShape='M0,0 v1 h1 v-1 z' wallCutOutOnBothSides='true'/>
  <doorOrWindow level='level-f6946293-1721-4fe1-9182-550f54a42051' catalogId='OlaKristianHoff#window_shop' name='Shop window' creator='Ola-Kristian Hoff' model='64/window_shop.obj' x='278.48303' y='-11.744762' elevation='35.0' width='30.48' depth='15.0' height='200.0' modelSize='3355' movable='false' cutOutShape='M0,0 v1 h1 v-1 z' wallCutOutOnBothSides='true'/>
  <doorOrWindow level='level-f6946293-1721-4fe1-9182-550f54a42051' catalogId='OlaKristianHoff#window_shop' name='Shop window' creator='Ola-Kristian Hoff' model='64/window_shop.obj' x='291.56323' y='8.693157' elevation='35.0' angle='1.5707964' width='30.48' depth='15.0' height='200.0' modelSize='3355' movable='false' cutOutShape='M0,0 v1 h1 v-1 z' wallCutOutOnBothSides='true'/>
  <shelfUnit level='level-f6946293-1721-4fe1-9182-550f54a42051' catalogId='Bettinelli#tourRangeCD' name='CD rack' creator='Gaël Bettinelli' model='66/tourRangeCD.obj' x='19.372864' y='1349.5063' width='19.9' depth='17.0' height='179.6' modelSize='41254'/>
  <doorOrWindow level='level-f6946293-1721-4fe1-9182-550f54a42051' catalogId='Scopia#puerta' name='Door' creator='Scopia' model='59/puerta.obj' x='559.5797' y='48.533142' angle='3.1490338' width='87.0' depth='13.7' height='210.0' modelSize='183333' movable='false' cutOutShape='M0,0 v1 h1 v-1 z' wallCutOutOnBothSides='true'/>
  <shelfUnit level='level-c776a4df-bf84-4097-b40b-c09b4be99afc' catalogId='Blend Swap CC-0#L_shaped_sofa' name='Corner sofa' creator='Nhumrod' model='68/L_shaped_sofa.obj' x='886.6526' y='477.66248' width='233.7' depth='143.6' height='80.0' modelSize='1398748'/>
  <pieceOfFurniture level='level-c776a4df-bf84-4097-b40b-c09b4be99afc' catalogId='eTeks#generatedStaircase' name='Quarter turn staircase with landing' creator='kitty' model='69/staircase.obj' x='146.87634' y='249.75323' angle='3.1415927' width='264.25' depth='236.25' height='402.208' modelMirrored='true' movable='false' staircaseCutOutShape='M0,0 v1 h1 v-1 z'/>
  <doorOrWindow level='level-c776a4df-bf84-4097-b40b-c09b4be99afc' catalogId='DorinVatavu#door_glass' name='Glass door' creator='Dorin Vatavu' model='41/door_glass.obj' x='761.5398' y='1018.58325' width='96.0' depth='17.0' height='209.7' modelSize='260214' movable='false' cutOutShape='M0.04,0.02 v0.98 h0.92 v-0.98 z' wallCutOutOnBothSides='true'/>
  <pieceOfFurniture level='level-c776a4df-bf84-4097-b40b-c09b4be99afc' catalogId='Scopia#wardrobe1' name='Wardrobe' creator='Scopia' model='8/wardrobe1.obj' x='873.9854' y='1140.947' width='274.32' depth='53.0' height='200.0' modelSize='180682'/>
  <doorOrWindow level='level-f6946293-1721-4fe1-9182-550f54a42051' catalogId='Scopia#puerta' name='Door' creator='Scopia' model='59/puerta.obj' x='752.8606' y='1007.34595' angle='3.13601' width='87.0' depth='13.7' height='210.0' modelMirrored='true' modelSize='183333' movable='false' cutOutShape='M0,0 v1 h1 v-1 z' wallCutOutOnBothSides='true'/>
  <pieceOfFurniture level='level-f6946293-1721-4fe1-9182-550f54a42051' name='bartable' model='71/Bar%20rack%20N120808.3DS' x='887.7255' y='465.0539' angle='4.685129' width='157.77403' depth='63.304214' height='99.25061' modelSize='5244225'>
    <material name='Material #12'>
      <texture name='Cherry' creator='Emmanuel Puybaret' catalogId='Puybaret#cherry' width='40.0' height='80.0' image='72'/>
    </material>
  </pieceOfFurniture>
  <pieceOfFurniture level='level-f6946293-1721-4fe1-9182-550f54a42051' catalogId='Kator Legaz#bar-stool' name='Bar stool' creator='Kator Legaz' model='74/bar-stool.obj' x='814.7844' y='448.7529' angle='5.565439' width='53.2' depth='59.3' height='110.0' modelSize='131112'/>
  <pieceOfFurniture level='level-f6946293-1721-4fe1-9182-550f54a42051' catalogId='Kator Legaz#bar-stool' name='Bar stool' creator='Kator Legaz' model='74/bar-stool.obj' x='821.1394' y='539.31274' angle='3.0547426' width='53.2' depth='59.3' height='110.0' modelSize='131112'/>
  <pieceOfFurniture level='level-f6946293-1721-4fe1-9182-550f54a42051' catalogId='Scopia#white_kitchen_chair' name='Chair' creator='Scopia' model='76/white_kitchen_chair.obj' x='199.44717' y='480.68335' width='42.7' depth='46.9' height='86.0' modelSize='244041'/>
  <pieceOfFurniture level='level-f6946293-1721-4fe1-9182-550f54a42051' catalogId='Scopia#white_kitchen_chair' name='Chair' creator='Scopia' model='76/white_kitchen_chair.obj' x='293.1846' y='477.50586' width='42.7' depth='46.9' height='86.0' modelSize='244041'/>
  <pieceOfFurniture level='level-f6946293-1721-4fe1-9182-550f54a42051' catalogId='Scopia#white_kitchen_chair' name='Chair' creator='Scopia' model='76/white_kitchen_chair.obj' x='382.15567' y='479.0946' width='42.7' depth='46.9' height='86.0' modelSize='244041'/>
  <pieceOfFurniture level='level-f6946293-1721-4fe1-9182-550f54a42051' catalogId='Scopia#white_kitchen_chair' name='Chair' creator='Scopia' model='76/white_kitchen_chair.obj' x='380.56693' y='645.9154' angle='3.1415927' width='42.7' depth='46.9' height='86.0' modelSize='244041'>
    <material name='lacquered_steel.004'>
      <texture name='Old wood' creator='Emmanuel Puybaret' catalogId='Puybaret#oldWood' width='40.0' height='80.0' image='77'/>
    </material>
  </pieceOfFurniture>
  <pieceOfFurniture level='level-f6946293-1721-4fe1-9182-550f54a42051' catalogId='Scopia#white_kitchen_chair' name='Chair' creator='Scopia' model='76/white_kitchen_chair.obj' x='296.3621' y='642.7378' angle='3.1415927' width='42.7' depth='46.9' height='86.0' modelSize='244041'/>
  <pieceOfFurniture level='level-f6946293-1721-4fe1-9182-550f54a42051' catalogId='Scopia#white_kitchen_chair' name='Chair' creator='Scopia' model='76/white_kitchen_chair.obj' x='197.85843' y='644.32654' angle='3.1415927' width='42.7' depth='46.9' height='86.0' modelSize='244041'/>
  <wall id='wall-1d83b438-72cf-412a-816e-67ceb3606be6' level='level-f6946293-1721-4fe1-9182-550f54a42051' xStart='503.41595' yStart='374.92682' xEnd='-7.124404' yEnd='374.92682' height='365.76' thickness='22.86' pattern='hatchUp'/>
  <wall id='wall-66abf9ae-a713-4366-bfe1-d00508d31dd7' level='level-f6946293-1721-4fe1-9182-550f54a42051' wallAtStart='wall-f31f0e7f-4e9c-44f9-925d-74b452e74c44' wallAtEnd='wall-837b0a46-abe8-4cfd-b202-8b7896f82826' xStart='-2.246338' yStart='1698.6382' xEnd='-2.2462158' yEnd='1006.24146' height='762.0' thickness='22.86' pattern='hatchUp' leftSideColor='FFCFFFFE' rightSideColor='FFCFFFFE'/>
  <wall id='wall-837b0a46-abe8-4cfd-b202-8b7896f82826' level='level-f6946293-1721-4fe1-9182-550f54a42051' wallAtStart='wall-66abf9ae-a713-4366-bfe1-d00508d31dd7' xStart='-2.2462158' yStart='1006.24146' xEnd='-2.2462158' yEnd='384.30176' height='365.76' thickness='22.86' pattern='hatchUp' leftSideColor='FFCFFFFE' rightSideColor='FFCFFFFE'/>
  <wall id='wall-6f1d0b32-5436-43ad-9129-3c9569eb4d59' level='level-f6946293-1721-4fe1-9182-550f54a42051' xStart='1023.83655' yStart='1011.912' xEnd='1023.83655' yEnd='1484.6366' height='365.76' thickness='22.86' pattern='hatchUp'/>
  <wall id='wall-4d0f1e2c-aa75-4640-bf90-6d1fa96fdda9' level='level-f6946293-1721-4fe1-9182-550f54a42051' wallAtStart='wall-ba52c9b4-2e88-49bf-a13a-804d572a8696' xStart='-213.59726' yStart='-13.0518265' xEnd='307.6106' yEnd='-15.935158' height='365.76' thickness='22.86' pattern='hatchUp'/>
  <wall id='wall-0a563abd-2758-4c6e-88ce-093cad42ee5d' level='level-f6946293-1721-4fe1-9182-550f54a42051' xStart='296.30234' yStart='-23.428162' xEnd='296.30234' yEnd='366.06232' height='365.76' thickness='22.86' pattern='hatchUp'/>
  <wall id='wall-ce015d8b-13ed-4b09-b682-aedfc2b73ee4' level='level-f6946293-1721-4fe1-9182-550f54a42051' xStart='-7.124404' yStart='374.92682' xEnd='-213.9656' yEnd='374.92682' height='365.76' thickness='22.86' pattern='hatchUp' leftSideColor='FFCFFFFE' rightSideColor='FFCFFFFE'/>
  <wall id='wall-f31f0e7f-4e9c-44f9-925d-74b452e74c44' level='level-f6946293-1721-4fe1-9182-550f54a42051' wallAtEnd='wall-66abf9ae-a713-4366-bfe1-d00508d31dd7' xStart='622.8006' yStart='1701.721' xEnd='-2.246338' yEnd='1698.6382' height='762.0' thickness='22.86' pattern='hatchUp'/>
  <wall id='wall-9baed9c6-83ad-4988-b23f-763824a3ff5f' level='level-f6946293-1721-4fe1-9182-550f54a42051' xStart='962.6344' yStart='372.86102' xEnd='503.41595' yEnd='374.92682' height='365.76' thickness='22.86' pattern='hatchUp'/>
  <wall id='wall-2bb3246f-6bbd-4956-9f86-5eab7a63bae8' level='level-f6946293-1721-4fe1-9182-550f54a42051' wallAtStart='wall-8fc44a5a-a4c1-49df-8d77-817966cfe401' wallAtEnd='wall-da0b4c98-25b5-4bcb-93bb-208a0013c47c' xStart='1023.7393' yStart='1495.6625' xEnd='1023.7393' yEnd='1877.5872' height='365.76' thickness='22.86' pattern='hatchUp'/>
  <wall id='wall-da0b4c98-25b5-4bcb-93bb-208a0013c47c' level='level-f6946293-1721-4fe1-9182-550f54a42051' wallAtStart='wall-2bb3246f-6bbd-4956-9f86-5eab7a63bae8' wallAtEnd='wall-9ccf2600-8583-4e89-b2d5-2639263a28ec' xStart='1023.7393' yStart='1877.5872' xEnd='909.28076' yEnd='1992.0457' height='365.76' thickness='22.86' pattern='hatchUp'/>
  <wall id='wall-9ccf2600-8583-4e89-b2d5-2639263a28ec' level='level-f6946293-1721-4fe1-9182-550f54a42051' wallAtStart='wall-da0b4c98-25b5-4bcb-93bb-208a0013c47c' wallAtEnd='wall-2885e02d-bcf3-4fcf-ab86-08a1fe92c4cc' xStart='909.28076' yStart='1992.0457' xEnd='747.41187' yEnd='1992.0457' height='365.76' thickness='22.86' pattern='hatchUp'/>
  <wall id='wall-2885e02d-bcf3-4fcf-ab86-08a1fe92c4cc' level='level-f6946293-1721-4fe1-9182-550f54a42051' wallAtStart='wall-9ccf2600-8583-4e89-b2d5-2639263a28ec' wallAtEnd='wall-4d98a4c7-71a7-4cb8-967d-c1f108d40d23' xStart='747.41187' yStart='1992.0457' xEnd='632.9532' yEnd='1877.5869' height='365.76' thickness='22.86' pattern='hatchUp'/>
  <wall id='wall-8fc44a5a-a4c1-49df-8d77-817966cfe401' level='level-f6946293-1721-4fe1-9182-550f54a42051' wallAtStart='wall-2131dab1-eb88-4610-873f-70cdc6ebdade' wallAtEnd='wall-2bb3246f-6bbd-4956-9f86-5eab7a63bae8' xStart='632.9532' yStart='1495.6625' xEnd='1023.7393' yEnd='1495.6625' height='365.76' thickness='22.86' pattern='hatchUp'/>
  <wall id='wall-ab4d2498-707d-4741-975f-509456887c2b' level='level-f6946293-1721-4fe1-9182-550f54a42051' wallAtEnd='wall-1e4c69ea-e8b6-4227-a8d7-d6449bf54899' xStart='621.5232' yStart='1494.1134' xEnd='514.7229' yEnd='1494.1134' height='365.76' thickness='22.86' pattern='hatchUp'/>
  <wall id='wall-1e4c69ea-e8b6-4227-a8d7-d6449bf54899' level='level-f6946293-1721-4fe1-9182-550f54a42051' wallAtStart='wall-ab4d2498-707d-4741-975f-509456887c2b' wallAtEnd='wall-05da7e3b-87c8-4c66-a3ac-6ed475b618a7' xStart='514.7229' yStart='1494.1134' xEnd='514.7229' yEnd='800.69354' height='365.76' thickness='22.86' pattern='hatchUp'/>
  <wall id='wall-42436171-4db1-4016-a60e-91cabd69c6cf' level='level-f6946293-1721-4fe1-9182-550f54a42051' wallAtStart='wall-05da7e3b-87c8-4c66-a3ac-6ed475b618a7' xStart='1025.2635' yStart='800.69354' xEnd='1025.2635' yEnd='1011.912' height='365.76' thickness='22.86' pattern='hatchUp'/>
  <wall id='wall-fa3589e7-72e0-4a0d-9e5e-73effd4f0c7b' level='level-f6946293-1721-4fe1-9182-550f54a42051' wallAtEnd='wall-7e23110f-fbed-4c5b-9173-f240ad87efd9' xStart='1013.83356' yStart='1007.5662' xEnd='694.0767' yEnd='1007.5663' height='365.76' thickness='22.86' pattern='hatchUp'/>
  <wall id='wall-7e23110f-fbed-4c5b-9173-f240ad87efd9' level='level-f6946293-1721-4fe1-9182-550f54a42051' wallAtStart='wall-fa3589e7-72e0-4a0d-9e5e-73effd4f0c7b' xStart='694.0767' yStart='1007.5663' xEnd='694.0767' yEnd='812.12354' height='365.76' thickness='22.86' pattern='hatchUp'/>
  <wall id='wall-ba52c9b4-2e88-49bf-a13a-804d572a8696' level='level-f6946293-1721-4fe1-9182-550f54a42051' wallAtStart='wall-4d0f1e2c-aa75-4640-bf90-6d1fa96fdda9' xStart='-213.59726' yStart='-13.0518265' xEnd='-213.59727' yEnd='384.30176' height='365.76' thickness='22.86' pattern='hatchUp' leftSideColor='FFCFFFFE' rightSideColor='FFCFFFFE'/>
  <wall id='wall-31284848-e961-4214-b484-030f060fc23c' level='level-f6946293-1721-4fe1-9182-550f54a42051' wallAtEnd='wall-fe752409-4b1b-4861-951d-2bb5859ca0bd' xStart='-2.8781738' yStart='1320.2275' xEnd='-67.53589' yEnd='1255.5698' height='365.76' thickness='22.86' pattern='hatchUp'/>
  <wall id='wall-fe752409-4b1b-4861-951d-2bb5859ca0bd' level='level-f6946293-1721-4fe1-9182-550f54a42051' wallAtStart='wall-31284848-e961-4214-b484-030f060fc23c' wallAtEnd='wall-80ddd271-ba0a-4bee-9752-d9c4b3fcd3ee' xStart='-67.53589' yStart='1255.5698' xEnd='-67.53589' yEnd='1164.1301' height='365.76' thickness='22.86' pattern='hatchUp'/>
  <wall id='wall-80ddd271-ba0a-4bee-9752-d9c4b3fcd3ee' level='level-f6946293-1721-4fe1-9182-550f54a42051' wallAtStart='wall-fe752409-4b1b-4861-951d-2bb5859ca0bd' xStart='-67.53589' yStart='1164.1301' xEnd='-2.878296' yEnd='1099.4724' height='365.76' thickness='22.86' pattern='hatchUp'/>
  <wall id='wall-afdf7329-2e4f-4fca-8c5e-81b62cb87ced' level='level-f6946293-1721-4fe1-9182-550f54a42051' wallAtEnd='wall-81427606-af83-4068-a147-ddea59f4bf68' xStart='-2.8781738' yStart='1630.1521' xEnd='-67.53589' yEnd='1565.4944' height='365.76' thickness='22.86' pattern='hatchUp'/>
  <wall id='wall-81427606-af83-4068-a147-ddea59f4bf68' level='level-f6946293-1721-4fe1-9182-550f54a42051' wallAtStart='wall-afdf7329-2e4f-4fca-8c5e-81b62cb87ced' wallAtEnd='wall-eb88fb6e-9d52-4cb9-8aa9-e85c5148b30f' xStart='-67.53589' yStart='1565.4944' xEnd='-67.53589' yEnd='1474.0547' height='365.76' thickness='22.86' pattern='hatchUp'/>
  <wall id='wall-eb88fb6e-9d52-4cb9-8aa9-e85c5148b30f' level='level-f6946293-1721-4fe1-9182-550f54a42051' wallAtStart='wall-81427606-af83-4068-a147-ddea59f4bf68' xStart='-67.53589' yStart='1474.0547' xEnd='-2.878296' yEnd='1409.397' height='365.76' thickness='22.86' pattern='hatchUp'/>
  <wall id='wall-cc10fcfc-bcda-4b9d-b26b-1c60b93a1c60' level='level-d7527a2a-3e7e-4123-a9e9-8ea4b9c41297' wallAtEnd='wall-5ffb24e3-c0c3-4857-af99-56ef021c3358' xStart='-215.85538' yStart='-20.03772' xEnd='-213.45447' yEnd='1728.3091' height='91.44' thickness='22.86' pattern='hatchUp'/>
  <wall id='wall-5ffb24e3-c0c3-4857-af99-56ef021c3358' level='level-d7527a2a-3e7e-4123-a9e9-8ea4b9c41297' wallAtStart='wall-cc10fcfc-bcda-4b9d-b26b-1c60b93a1c60' wallAtEnd='wall-76d6ce3f-80d9-4589-b42d-9138092c5f64' xStart='-213.45447' yStart='1728.3091' xEnd='-12.351158' yEnd='1886.8365' height='91.44' thickness='22.86' arcExtent='-3.0268764' pattern='hatchUp'/>
  <wall id='wall-76d6ce3f-80d9-4589-b42d-9138092c5f64' level='level-d7527a2a-3e7e-4123-a9e9-8ea4b9c41297' wallAtEnd='wall-5ffb24e3-c0c3-4857-af99-56ef021c3358' xStart='621.9406' yStart='1888.8917' xEnd='-12.351158' yEnd='1886.8365' height='91.44' thickness='22.86' pattern='hatchUp'/>
  <wall id='wall-9791f019-e800-45be-a8e6-82c36ed3f007' level='level-d7527a2a-3e7e-4123-a9e9-8ea4b9c41297' wallAtStart='wall-0ac227c8-ca50-4534-846a-d6e8b7148a9c' wallAtEnd='wall-d64ce5d0-dc7d-4d07-9e52-0c9a7297983a' xStart='-667.7796' yStart='2014.1367' xEnd='-1255.4818' yEnd='-336.6738' height='91.44' thickness='22.86' pattern='hatchUp'/>
  <wall id='wall-0ac227c8-ca50-4534-846a-d6e8b7148a9c' level='level-d7527a2a-3e7e-4123-a9e9-8ea4b9c41297' wallAtStart='wall-80e04363-50ad-4fb5-b0f8-2fcdeeed8ad4' wallAtEnd='wall-9791f019-e800-45be-a8e6-82c36ed3f007' xStart='-486.37842' yStart='2195.5378' xEnd='-667.7796' yEnd='2014.1367' height='91.44' thickness='22.86' pattern='hatchUp'/>
  <wall id='wall-80e04363-50ad-4fb5-b0f8-2fcdeeed8ad4' level='level-d7527a2a-3e7e-4123-a9e9-8ea4b9c41297' wallAtEnd='wall-0ac227c8-ca50-4534-846a-d6e8b7148a9c' xStart='1190.0215' yStart='2195.5378' xEnd='-486.37842' yEnd='2195.5378' height='91.44' thickness='22.86' pattern='hatchUp'/>
  <wall id='wall-d69b4b1d-56d3-4721-af17-3b368087664c' level='level-d7527a2a-3e7e-4123-a9e9-8ea4b9c41297' wallAtStart='wall-d64ce5d0-dc7d-4d07-9e52-0c9a7297983a' xStart='1209.2101' yStart='-102.59799' xEnd='1200.6981' yEnd='2208.4062' height='91.44' thickness='22.86' pattern='hatchUp'/>
  <wall id='wall-d64ce5d0-dc7d-4d07-9e52-0c9a7297983a' level='level-d7527a2a-3e7e-4123-a9e9-8ea4b9c41297' wallAtStart='wall-9791f019-e800-45be-a8e6-82c36ed3f007' wallAtEnd='wall-d69b4b1d-56d3-4721-af17-3b368087664c' xStart='-1255.4818' yStart='-336.6738' xEnd='1209.2101' yEnd='-102.59799' height='91.44' thickness='22.86' pattern='hatchUp'/>
  <wall id='wall-77ed4eb4-538a-4ebf-ac33-75d44a90c3d1' level='level-c776a4df-bf84-4097-b40b-c09b4be99afc' wallAtStart='wall-204f0ca6-5323-4c2f-aae7-f0785775de3a' xStart='-1.8352051' yStart='379.148' xEnd='-2.8781738' yEnd='726.4761' height='365.76' thickness='22.86' pattern='hatchUp' leftSideColor='FFCFFFFE' rightSideColor='FFCFFFFE'/>
  <wall id='wall-4d98a4c7-71a7-4cb8-967d-c1f108d40d23' level='level-f6946293-1721-4fe1-9182-550f54a42051' wallAtStart='wall-2885e02d-bcf3-4fcf-ab86-08a1fe92c4cc' wallAtEnd='wall-2131dab1-eb88-4610-873f-70cdc6ebdade' xStart='632.9532' yStart='1877.5869' xEnd='632.9532' yEnd='1711.9836' height='365.76' thickness='22.86' pattern='hatchUp'/>
  <wall id='wall-2131dab1-eb88-4610-873f-70cdc6ebdade' level='level-f6946293-1721-4fe1-9182-550f54a42051' wallAtStart='wall-4d98a4c7-71a7-4cb8-967d-c1f108d40d23' wallAtEnd='wall-8fc44a5a-a4c1-49df-8d77-817966cfe401' xStart='632.9532' yStart='1711.9836' xEnd='632.9532' yEnd='1495.6625' height='762.0' thickness='22.86' pattern='hatchUp'/>
  <wall id='wall-05da7e3b-87c8-4c66-a3ac-6ed475b618a7' level='level-f6946293-1721-4fe1-9182-550f54a42051' wallAtStart='wall-1e4c69ea-e8b6-4227-a8d7-d6449bf54899' wallAtEnd='wall-42436171-4db1-4016-a60e-91cabd69c6cf' xStart='514.7229' yStart='800.69354' xEnd='1025.2635' yEnd='800.69354' height='365.76' thickness='22.86' pattern='hatchUp'/>
  <wall id='wall-be1df53c-2458-4f95-81cf-cfdbad9ae273' level='level-c776a4df-bf84-4097-b40b-c09b4be99afc' wallAtStart='wall-3864fa66-8986-444a-a044-ca990c819585' wallAtEnd='wall-3f111440-efd0-47a2-a9a1-27f7237d1791' xStart='514.7229' yStart='1494.1134' xEnd='514.7229' yEnd='800.69354' height='365.76' thickness='22.86' pattern='hatchUp'/>
  <wall id='wall-3f111440-efd0-47a2-a9a1-27f7237d1791' level='level-c776a4df-bf84-4097-b40b-c09b4be99afc' wallAtStart='wall-be1df53c-2458-4f95-81cf-cfdbad9ae273' wallAtEnd='wall-fe8d68df-d46a-4472-b57a-14dfe599000a' xStart='514.7229' yStart='800.69354' xEnd='1025.2635' yEnd='800.69354' height='365.76' thickness='22.86' pattern='hatchUp'/>
  <wall id='wall-fe8d68df-d46a-4472-b57a-14dfe599000a' level='level-c776a4df-bf84-4097-b40b-c09b4be99afc' wallAtStart='wall-3f111440-efd0-47a2-a9a1-27f7237d1791' xStart='1025.2635' yStart='800.69354' xEnd='1025.2635' yEnd='1011.912' height='365.76' thickness='22.86' pattern='hatchUp'/>
  <wall id='wall-1a42af29-2696-46aa-a4fc-26b7c098edf6' level='level-c776a4df-bf84-4097-b40b-c09b4be99afc' xStart='1023.83655' yStart='1011.912' xEnd='1023.83655' yEnd='1484.6366' height='365.76' thickness='22.86' pattern='hatchUp'/>
  <wall id='wall-149cbc86-fa39-419d-a3ba-0ab4e31ce0df' level='level-c776a4df-bf84-4097-b40b-c09b4be99afc' xStart='632.9532' yStart='1495.6625' xEnd='1023.7393' yEnd='1495.6625' height='365.76' thickness='22.86' pattern='hatchUp'/>
  <wall id='wall-3864fa66-8986-444a-a044-ca990c819585' level='level-c776a4df-bf84-4097-b40b-c09b4be99afc' wallAtEnd='wall-be1df53c-2458-4f95-81cf-cfdbad9ae273' xStart='650.4448' yStart='1494.1134' xEnd='514.7229' yEnd='1494.1134' height='365.76' thickness='22.86' pattern='hatchUp'/>
  <wall id='wall-7a853999-b78a-4476-a405-e5a217261516' level='level-c776a4df-bf84-4097-b40b-c09b4be99afc' xStart='-2.8781738' yStart='1015.5431' xEnd='-2.8781738' yEnd='908.8631' height='365.76' thickness='22.86' pattern='hatchUp' leftSideColor='FFCFFFFE' rightSideColor='FFCFFFFE'/>
  <wall id='wall-2c5a1f7e-876b-4d81-a398-791be21c876f' level='level-c776a4df-bf84-4097-b40b-c09b4be99afc' xStart='622.7692' yStart='1708.0779' xEnd='634.58514' yEnd='1708.0779' height='250.0' thickness='7.5' pattern='hatchUp'/>
  <wall id='wall-a3de5764-060e-4bda-8b84-f76d3d09becd' level='level-c776a4df-bf84-4097-b40b-c09b4be99afc' wallAtEnd='wall-fdf67c23-dbac-4b8e-b95d-11fe3ae09f89' xStart='632.42224' yStart='1768.6348' xEnd='-79.82716' yEnd='1768.634' height='30.48' thickness='7.5' pattern='hatchUp'>
    <texture attribute='leftSideTexture' name='Beige tiles with frieze' creator='Ola-Kristian Hoff' catalogId='OlaKristianHoff#beige_tiles_frieze' width='50.0' height='250.0' image='83'/>
  </wall>
  <wall id='wall-fdf67c23-dbac-4b8e-b95d-11fe3ae09f89' level='level-c776a4df-bf84-4097-b40b-c09b4be99afc' wallAtStart='wall-a3de5764-060e-4bda-8b84-f76d3d09becd' xStart='-79.82716' yStart='1768.634' xEnd='-82.06571' yEnd='908.44336' height='30.48' thickness='7.5' pattern='hatchUp'/>
  <wall id='wall-1f5f2d48-ae95-4800-92d1-a84e30ee9fa1' level='level-c776a4df-bf84-4097-b40b-c09b4be99afc' xStart='-13.640116' yStart='908.4436' xEnd='-13.635145' yEnd='908.8631' height='250.0' thickness='7.5' pattern='hatchUp'/>
  <wall id='wall-204f0ca6-5323-4c2f-aae7-f0785775de3a' level='level-c776a4df-bf84-4097-b40b-c09b4be99afc' wallAtStart='wall-77ed4eb4-538a-4ebf-ac33-75d44a90c3d1' xStart='-1.8352051' yStart='379.148' xEnd='1037.9677' yEnd='385.03326' height='365.76' thickness='22.86' pattern='hatchUp'/>
  <wall id='wall-fc1c1ceb-60f2-4d23-afa4-0b644edfc231' level='level-f6946293-1721-4fe1-9182-550f54a42051' wallAtEnd='wall-162fccad-ec01-469a-a95e-c4705b2d8306' xStart='307.73233' yStart='46.695854' xEnd='623.9846' yEnd='46.695854' height='365.76' thickness='22.86' pattern='hatchUp'/>
  <wall id='wall-162fccad-ec01-469a-a95e-c4705b2d8306' level='level-f6946293-1721-4fe1-9182-550f54a42051' wallAtStart='wall-fc1c1ceb-60f2-4d23-afa4-0b644edfc231' xStart='623.9846' yStart='46.695854' xEnd='623.9846' yEnd='362.95435' height='365.76' thickness='22.86' pattern='hatchUp'/>
  <wall id='wall-427a6cb9-fc0a-44fa-9ef6-9535f8db4c2e' level='level-f6946293-1721-4fe1-9182-550f54a42051' xStart='967.6813' yStart='361.7389' xEnd='967.6813' yEnd='796.1511' height='365.76' thickness='22.86' pattern='hatchUp'/>
  <wall id='wall-c55c5fd5-8f7c-469b-a0aa-58f256d13492' level='level-c776a4df-bf84-4097-b40b-c09b4be99afc' xStart='1022.52625' yStart='395.18164' xEnd='1024.994' yEnd='804.8374' height='365.76' thickness='22.86' pattern='hatchUp'/>
  <wall id='wall-c40a0bf9-058d-4634-9b9b-a62a23ab8b89' level='level-c776a4df-bf84-4097-b40b-c09b4be99afc' wallAtStart='wall-b1c586e5-c9a9-4191-9f85-3ba83287adb7' wallAtEnd='wall-6cf9eaff-fcd6-49e6-a20b-200620d43c73' xStart='297.71036' yStart='-35.691406' xEnd='1024.2683' yEnd='-33.834297' height='365.76' thickness='22.86' pattern='hatchUp'/>
  <wall id='wall-6cf9eaff-fcd6-49e6-a20b-200620d43c73' level='level-c776a4df-bf84-4097-b40b-c09b4be99afc' wallAtStart='wall-c40a0bf9-058d-4634-9b9b-a62a23ab8b89' xStart='1024.2683' yStart='-33.834297' xEnd='1022.42505' yEnd='373.51514' height='365.76' thickness='22.86' pattern='hatchUp'/>
  <wall id='wall-b1c586e5-c9a9-4191-9f85-3ba83287adb7' level='level-c776a4df-bf84-4097-b40b-c09b4be99afc' wallAtEnd='wall-c40a0bf9-058d-4634-9b9b-a62a23ab8b89' xStart='295.86896' yStart='369.40283' xEnd='297.71036' yEnd='-35.691406' height='365.76' thickness='22.86' pattern='hatchUp'/>
  <wall id='wall-219b86ed-335a-4803-ac7a-04ab37d4bf58' level='level-c776a4df-bf84-4097-b40b-c09b4be99afc' wallAtEnd='wall-0d37b223-eb7b-4695-ad6c-149ca5277a4f' xStart='605.4733' yStart='-25.81748' xEnd='605.4733' yEnd='157.06253' height='365.76' thickness='22.86' pattern='hatchUp'/>
  <wall id='wall-0d37b223-eb7b-4695-ad6c-149ca5277a4f' level='level-c776a4df-bf84-4097-b40b-c09b4be99afc' wallAtStart='wall-219b86ed-335a-4803-ac7a-04ab37d4bf58' xStart='605.4733' yStart='157.06253' xEnd='300.67334' yEnd='157.06253' height='365.76' thickness='22.86' pattern='hatchUp'/>
  <wall id='wall-9258a333-6401-4390-895d-c21eed2bcf38' level='level-c776a4df-bf84-4097-b40b-c09b4be99afc' wallAtEnd='wall-ba6fb42d-387d-41ba-b271-e8fa10afaff2' xStart='689.71155' yStart='802.5254' xEnd='690.91516' yEnd='1019.7643' height='365.76' thickness='22.86' pattern='hatchUp'/>
  <wall id='wall-ba6fb42d-387d-41ba-b271-e8fa10afaff2' level='level-c776a4df-bf84-4097-b40b-c09b4be99afc' wallAtStart='wall-9258a333-6401-4390-895d-c21eed2bcf38' xStart='690.91516' yStart='1019.7643' xEnd='1025.4991' yEnd='1017.3572' height='365.76' thickness='22.86' pattern='hatchUp'/>
  <wall id='wall-a0faad09-5294-4a1c-8c3c-272e68af3558' level='level-f6946293-1721-4fe1-9182-550f54a42051' wallAtEnd='wall-7b3841f3-d695-402e-a2ac-8d95affadff1' xStart='1012.3093' yStart='1672.6166' xEnd='847.7758' yEnd='1672.6166' height='365.76' thickness='22.86' pattern='hatchUp'/>
  <wall id='wall-7b3841f3-d695-402e-a2ac-8d95affadff1' level='level-f6946293-1721-4fe1-9182-550f54a42051' wallAtStart='wall-a0faad09-5294-4a1c-8c3c-272e68af3558' xStart='847.7758' yStart='1672.6166' xEnd='847.7758' yEnd='1507.0925' height='365.76' thickness='22.86' pattern='hatchUp'/>
  <room id='room-ba86c625-3247-4c3e-9234-834afc546c24' level='level-f6946293-1721-4fe1-9182-550f54a42051' areaVisible='true' ceilingVisible='false' ceilingFlat='true'>
    <point x='-202.16728' y='-2.2631836'/>
    <point x='285.5137' y='-2.2631836'/>
    <point x='285.5137' y='363.49683'/>
    <point x='-202.16728' y='363.49683'/>
  </room>
  <room id='room-8f944b21-874d-4523-89a9-1dde368c37c9' level='level-f6946293-1721-4fe1-9182-550f54a42051' name='HALL' areaVisible='true' ceilingVisible='false' ceilingFlat='true'>
    <texture attribute='floorTexture' name='Oak wooden floor' creator='Scopia' catalogId='eTeksScopia#oak-brown-parquet' width='100.0' height='100.0' image='78'/>
    <point x='504.05676' y='1021.78156'/>
    <point x='500.974' y='1506.3833'/>
    <point x='623.2286' y='1507.4109'/>
    <point x='623.2286' y='1690.2908'/>
    <point x='11.238716' y='1689.2632'/>
    <point x='9.183907' y='1020.7542'/>
  </room>
  <room id='room-cd0f631e-944e-49a6-bd7a-b18a76bf28ef' level='level-f6946293-1721-4fe1-9182-550f54a42051' areaVisible='true' ceilingVisible='false' ceilingColor='FF05FF51' ceilingFlat='true'>
    <texture attribute='floorTexture' name='Oak wooden floor' creator='Scopia' catalogId='eTeksScopia#oak-brown-parquet' width='100.0' height='100.0' image='78'/>
    <point x='502.89758' y='1020.4632'/>
    <point x='268.28244' y='1019.0081'/>
    <point x='269.40436' y='711.9676'/>
    <point x='10.384834' y='711.87885'/>
    <point x='7.474434' y='388.7427'/>
    <point x='962.4874' y='382.9905'/>
    <point x='959.6748' y='789.72974'/>
    <point x='505.79724' y='790.2972'/>
  </room>
  <room id='room-fbfaa30a-dc62-4675-809f-e8e0c1de29f8' level='level-f6946293-1721-4fe1-9182-550f54a42051' nameYOffset='-57.70166' areaVisible='true' ceilingVisible='false' ceilingFlat='true'>
    <point x='1013.83356' y='1482.6833'/>
    <point x='526.1529' y='1482.6833'/>
    <point x='526.1529' y='812.12354'/>
    <point x='680.59796' y='813.04504'/>
    <point x='682.0579' y='1020.4049'/>
    <point x='1012.9119' y='1020.2228'/>
  </room>
  <room id='room-00f95e61-06e4-448b-9325-887641a8b309' level='level-f6946293-1721-4fe1-9182-550f54a42051' areaVisible='true' ceilingVisible='false' ceilingFlat='true'>
    <point x='1011.2285' y='813.2562'/>
    <point x='1011.2285' y='996.1362'/>
    <point x='706.4286' y='996.1362'/>
    <point x='706.4286' y='813.2562'/>
  </room>
  <room id='room-4966c615-d728-427e-906f-98da026bdbd8' level='level-f6946293-1721-4fe1-9182-550f54a42051' areaVisible='true' ceilingFlat='true'>
    <point x='1012.3093' y='1507.0925'/>
    <point x='1012.3093' y='1872.8525'/>
    <point x='904.54626' y='1980.6156'/>
    <point x='752.14624' y='1980.6156'/>
    <point x='644.3832' y='1872.8525'/>
    <point x='644.3832' y='1507.0925'/>
  </room>
  <room id='room-cf25b2d9-6664-4236-8cea-5ff1df6ee5df' level='level-d7527a2a-3e7e-4123-a9e9-8ea4b9c41297' areaVisible='true' ceilingVisible='false' ceilingFlat='true'>
    <texture attribute='floorTexture' name='Big stones' creator='Scopia' catalogId='eTeksScopia#big-stones-floor-tiles' width='120.0' height='120.0' image='79'/>
    <point x='-881.8074' y='1112.4426'/>
    <point x='-760.67896' y='1113.2529'/>
    <point x='-707.2063' y='1126.1868'/>
    <point x='-661.125' y='1154.7899'/>
    <point x='-631.6727' y='1187.2495'/>
    <point x='-613.3721' y='1220.0691'/>
    <point x='-179.52783' y='2183.9492'/>
    <point x='-482.43982' y='2184.3088'/>
    <point x='-658.8179' y='2008.1084'/>
  </room>
  <room id='room-4ead36bd-3ecd-4026-9fda-538863920fea' level='level-f6946293-1721-4fe1-9182-550f54a42051' areaVisible='true' ceilingVisible='false' ceilingFlat='true'>
    <texture attribute='floorTexture' name='Beige and brown tiles' creator='Ola-Kristian Hoff' catalogId='OlaKristianHoff#beige_brown_tiles' width='40.0' height='40.0' image='80'/>
    <point x='-202.02454' y='389.31787'/>
    <point x='-13.118164' y='389.31787'/>
    <point x='-13.118164' y='1708.1421'/>
    <point x='621.1929' y='1713.4641'/>
    <point x='621.25586' y='1877.3748'/>
    <point x='-16.177246' y='1874.9861'/>
    <point x='-37.36537' y='1894.5989'/>
    <point x='-61.067657' y='1907.9261'/>
    <point x='-83.21125' y='1915.4541'/>
    <point x='-106.89656' y='1918.7502'/>
    <point x='-133.41037' y='1915.4467'/>
    <point x='-162.8673' y='1904.44'/>
    <point x='-186.42526' y='1888.0828'/>
    <point x='-199.62164' y='1873.7009'/>
    <point x='-213.76088' y='1852.0907'/>
    <point x='-222.86847' y='1825.8416'/>
    <point x='-224.389' y='1796.2406'/>
    <point x='-218.39226' y='1764.7837'/>
    <point x='-202.02454' y='1733.9553'/>
  </room>
  <room id='room-cc0318cf-82ad-4a5a-b39f-c7e802619dcc' level='level-c776a4df-bf84-4097-b40b-c09b4be99afc' areaVisible='true' floorVisible='false' ceilingFlat='true'>
    <texture attribute='ceilingTexture' name='Brown lines' creator='Scopia' catalogId='eTeksScopia#vertical_brown_lines' width='240.0' height='240.0' image='81'/>
    <point x='504.05676' y='1019.71576'/>
    <point x='500.974' y='1504.3175'/>
    <point x='623.2286' y='1505.3451'/>
    <point x='623.2286' y='1688.225'/>
    <point x='11.238716' y='1687.1974'/>
    <point x='9.183907' y='1018.6884'/>
  </room>
  <room id='room-0876c154-7d17-4408-9f40-2262b48cb305' level='level-c776a4df-bf84-4097-b40b-c09b4be99afc' areaVisible='true' ceilingColor='FFFFFFFF'>
    <texture attribute='floorTexture' name='Beige tiles' creator='Scopia' catalogId='eTeksScopia#tile-ext-border' width='40.0' height='40.0' image='82'/>
    <point x='266.03342' y='1010.395'/>
    <point x='265.61145' y='710.1869'/>
    <point x='9.496887' y='711.84937'/>
    <point x='7.4744263' y='388.74268'/>
    <point x='1022.85315' y='398.11157'/>
    <point x='1023.8711' y='788.8977'/>
    <point x='502.917' y='789.5027'/>
    <point x='503.04382' y='1008.9001'/>
  </room>
  <room id='room-ed86be18-df6a-4720-a69b-3fe7c0a7aa8f' level='level-c776a4df-bf84-4097-b40b-c09b4be99afc' nameYOffset='-57.70166' areaVisible='true' ceilingVisible='false' ceilingFlat='true'>
    <point x='1013.83356' y='1482.6833'/>
    <point x='526.1529' y='1482.6833'/>
    <point x='526.1529' y='812.12354'/>
    <point x='680.59796' y='813.04504'/>
    <point x='682.0579' y='1020.4049'/>
    <point x='1012.9119' y='1020.2228'/>
  </room>
  <room id='room-e4b25d51-2454-4e37-86e9-961fcf969183' level='level-c776a4df-bf84-4097-b40b-c09b4be99afc' areaVisible='true' ceilingVisible='false' ceilingFlat='true'>
    <point x='-233.53516' y='-21.006653'/>
    <point x='-233.5354' y='367.73718'/>
    <point x='282.0901' y='370.43677'/>
    <point x='282.36462' y='-23.706299'/>
  </room>
  <room id='room-aa0c87ff-de68-4fe3-92f1-b75bef6d6c86' level='level-c776a4df-bf84-4097-b40b-c09b4be99afc' areaVisible='true' ceilingVisible='false' ceilingFlat='true'>
    <point x='630.792' y='1505.5457'/>
    <point x='1015.4863' y='1505.5457'/>
    <point x='1024.935' y='1875.8423'/>
    <point x='914.251' y='2001.824'/>
    <point x='752.2744' y='1999.5745'/>
    <point x='634.8413' y='1878.0918'/>
  </room>
  <room id='room-c60ca918-997e-4989-898d-36f358e0fdc9' level='level-c776a4df-bf84-4097-b40b-c09b4be99afc' areaVisible='true' ceilingVisible='false' ceilingFlat='true'>
    <point x='309.08838' y='-24.233368'/>
    <point x='1012.7866' y='-22.433624'/>
    <point x='1010.9868' y='375.3089'/>
    <point x='307.28857' y='371.7094'/>
  </room>
  <room id='room-ff4fd381-d703-430f-a503-8e13928ae0a4' level='level-c776a4df-bf84-4097-b40b-c09b4be99afc' areaVisible='true' ceilingVisible='false' ceilingFlat='true'>
    <point x='-17.345947' y='912.1936'/>
    <point x='-78.30595' y='912.1936'/>
    <point x='-76.086914' y='1764.884'/>
    <point x='628.80383' y='1764.884'/>
    <point x='630.69885' y='1711.8279'/>
    <point x='-7.871704' y='1711.8279'/>
  </room>
  <room id='room-76006f47-0d60-492f-8309-fccb2acbf2c6' level='level-f6946293-1721-4fe1-9182-550f54a42051' areaVisible='true' ceilingVisible='false' ceilingFlat='true'>
    <point x='307.75464' y='362.92584'/>
    <point x='612.5546' y='362.92584'/>
    <point x='612.5546' y='58.125854'/>
    <point x='307.75464' y='58.125854'/>
  </room>
  <room id='room-775f9ecd-b0fa-4c0b-9577-ff8308b55880' level='level-f6946293-1721-4fe1-9182-550f54a42051' areaVisible='true' ceilingFlat='true'>
    <point x='1011.60583' y='1508.7865'/>
    <point x='859.2058' y='1508.7865'/>
    <point x='859.2058' y='1661.1865'/>
    <point x='1011.6058' y='1661.1865'/>
  </room>
</home>